{
  "Debug Sampler-0" : {
    "transaction" : "Debug Sampler-0",
    "sampleCount" : 200,
    "errorCount" : 0,
    "errorPct" : 0.0,
    "meanResTime" : 0.039999999999999994,
    "medianResTime" : 0.0,
    "minResTime" : 0.0,
    "maxResTime" : 1.0,
    "pct1ResTime" : 0.0,
    "pct2ResTime" : 0.0,
    "pct3ResTime" : 1.0,
    "throughput" : 159.4896331738437,
    "receivedKBytesPerSec" : 110.10469622208932,
    "sentKBytesPerSec" : 0.0
  },
  "Debug Sampler" : {
    "transaction" : "Debug Sampler",
    "sampleCount" : 200,
    "errorCount" : 0,
    "errorPct" : 0.0,
    "meanResTime" : 0.09000000000000004,
    "medianResTime" : 0.0,
    "minResTime" : 0.0,
    "maxResTime" : 1.0,
    "pct1ResTime" : 0.0,
    "pct2ResTime" : 1.0,
    "pct3ResTime" : 1.0,
    "throughput" : 159.4896331738437,
    "receivedKBytesPerSec" : 174.72992673444975,
    "sentKBytesPerSec" : 0.0
  },
  "Total" : {
    "transaction" : "Total",
    "sampleCount" : 1200,
    "errorCount" : 0,
    "errorPct" : 0.0,
    "meanResTime" : 266.69833333333355,
    "medianResTime" : 0.0,
    "minResTime" : 0.0,
    "maxResTime" : 1275.0,
    "pct1ResTime" : 973.9000000000001,
    "pct2ResTime" : 1126.9,
    "pct3ResTime" : 1251.99,
    "throughput" : 529.8013245033113,
    "receivedKBytesPerSec" : 588.04109754415,
    "sentKBytesPerSec" : 329.5081401766004
  },
  "HTTP Request-0" : {
    "transaction" : "HTTP Request-0",
    "sampleCount" : 400,
    "errorCount" : 0,
    "errorPct" : 0.0,
    "meanResTime" : 0.24250000000000027,
    "medianResTime" : 0.0,
    "minResTime" : 0.0,
    "maxResTime" : 6.0,
    "pct1ResTime" : 1.0,
    "pct2ResTime" : 1.0,
    "pct3ResTime" : 6.0,
    "throughput" : 191.75455417066155,
    "receivedKBytesPerSec" : 213.95239093959734,
    "sentKBytesPerSec" : 0.0
  },
  "HTTP Request" : {
    "transaction" : "HTTP Request",
    "sampleCount" : 400,
    "errorCount" : 0,
    "errorPct" : 0.0,
    "meanResTime" : 799.7875000000003,
    "medianResTime" : 841.5,
    "minResTime" : 173.0,
    "maxResTime" : 1275.0,
    "pct1ResTime" : 1187.6000000000001,
    "pct2ResTime" : 1233.6499999999999,
    "pct3ResTime" : 1264.99,
    "throughput" : 176.67844522968198,
    "receivedKBytesPerSec" : 233.4036136263251,
    "sentKBytesPerSec" : 329.6536826413428
  }
}