{
  "Total" : {
    "transaction" : "Total",
    "sampleCount" : 200,
    "errorCount" : 0,
    "errorPct" : 0.0,
    "meanResTime" : 23.459999999999987,
    "medianResTime" : 8.0,
    "minResTime" : 7.0,
    "maxResTime" : 112.0,
    "pct1ResTime" : 73.80000000000001,
    "pct2ResTime" : 85.84999999999997,
    "pct3ResTime" : 109.99000000000001,
    "throughput" : 220.5071664829107,
    "receivedKBytesPerSec" : 42.637127894156556,
    "sentKBytesPerSec" : 142.55443770672545
  },
  "HTTP Request" : {
    "transaction" : "HTTP Request",
    "sampleCount" : 200,
    "errorCount" : 0,
    "errorPct" : 0.0,
    "meanResTime" : 23.459999999999987,
    "medianResTime" : 8.0,
    "minResTime" : 7.0,
    "maxResTime" : 112.0,
    "pct1ResTime" : 73.80000000000001,
    "pct2ResTime" : 85.84999999999997,
    "pct3ResTime" : 109.99000000000001,
    "throughput" : 220.5071664829107,
    "receivedKBytesPerSec" : 42.637127894156556,
    "sentKBytesPerSec" : 142.55443770672545
  }
}