{
  "Total" : {
    "transaction" : "Total",
    "sampleCount" : 200,
    "errorCount" : 0,
    "errorPct" : 0.0,
    "meanResTime" : 6988.944999999997,
    "medianResTime" : 7009.5,
    "minResTime" : 257.0,
    "maxResTime" : 13674.0,
    "pct1ResTime" : 12431.000000000002,
    "pct2ResTime" : 13077.55,
    "pct3ResTime" : 13646.460000000001,
    "throughput" : 13.781697905181918,
    "receivedKBytesPerSec" : 2.6513618040242557,
    "sentKBytesPerSec" : 4.010352962203694
  },
  "HTTP Request" : {
    "transaction" : "HTTP Request",
    "sampleCount" : 200,
    "errorCount" : 0,
    "errorPct" : 0.0,
    "meanResTime" : 6988.944999999997,
    "medianResTime" : 7009.5,
    "minResTime" : 257.0,
    "maxResTime" : 13674.0,
    "pct1ResTime" : 12431.000000000002,
    "pct2ResTime" : 13077.55,
    "pct3ResTime" : 13646.460000000001,
    "throughput" : 13.781697905181918,
    "receivedKBytesPerSec" : 2.6513618040242557,
    "sentKBytesPerSec" : 4.010352962203694
  }
}